Probe,Symbol,Chromosome,Gene,UniGene
1624819_s_at,,,,
1627842_at,CG14898,3R,42004,Dm.20456
1636271_a_at,CG12788,X,3772080,Dm.7494
1639972_at,Dhfr,3R,42003,Dm.8025
1640957_at,Hexo2,X,31808,Dm.108
1639625_at,Vps25,2R,35847,Dm.4897
1624797_at,CG1637,X,32019,Dm.12447
1636551_at,CG14683,3R,41278,Dm.14326
1623658_at,CG13306,3L,50301,Dm.27838
1627267_at,MESR3,2L,35116,Dm.2155
1638054_at,CG13056,3L,50267,Dm.27499
1630260_at,CG31832,2L,318970,Dm.30839
1630299_at,CG17325,2L,50467,
1637819_at,CG6192,2L,34542,Dm.7219
1638837_a_at,CG12788,X,3772080,Dm.7494
1636960_a_at,,,,
1633545_at,PGRP-SD,3L,38858,Dm.33934
1636274_at,wgn,X,32849,Dm.13466
1626309_at,CG6004,3L,39326,Dm.20068
1625035_at,insc,2R,37355,Dm.3878
1636409_at,CG11034,2L,33810,Dm.26736
1639102_at,Nelf-E,3L,38982,Dm.20046
1630244_s_at,CG31809,2L,318954,Dm.30845
1636068_a_at,,,,
1630689_at,CG33061,3L,318838,Dm.36073
1629691_at,CG5028,3R,43102,Dm.10835
1629359_at,YL-1,2L,34516,Dm.12184
1631487_s_at,CG32626,X,32352,Dm.4614
1632642_a_at,CG2862,2L,33471,Dm.5767
1629118_at,PGRP-SC2,2R,35862,Dm.23629
1633844_at,CG31469,3R,261628,Dm.26415
1628628_at,CalpA,2R,37232,Dm.1726
1626503_at,CG2254,X,31726,Dm.12878
1637905_s_at,CG2924,X,31214,Dm.36
1640950_at,CG15739,X,32146,Dm.5326
1632251_s_at,Ge-1,2L,34541,Dm.12439
1639118_a_at,Hrb87F,3R,48535,Dm.1711
1640379_s_at,CG34424,2R,37699,Dm.35904
1639567_at,fh,X,31845,Dm.2903
1639575_at,CG18446,2R,36023,Dm.5946
1641412_at,CG31809,2L,318954,Dm.30845
1634808_at,lectin-21Ca,2L,53552,Dm.27524
1628699_at,Lsp1beta,2L,33274,Dm.2250
1626002_at,Roe1,2R,36508,Dm.4119
1638717_at,CG10932,X,31695,Dm.4959
1637182_at,CG9503,X,32424,Dm.11854
1634557_at,Rhp,X,32531,Dm.2908
1624932_at,Obp49a,2R,36399,Dm.33606
1629474_at,CG11368,X,50397,Dm.20543
1626301_at,Idgf3,2L,34981,Dm.4646
1627088_at,fit,3R,42578,Dm.5780
1631387_at,CG30344,2R,246552,Dm.4554
1637372_at,,,,
1631006_a_at,CG10171,3L,39501,Dm.952
1637826_at,CG10623,2L,35153,Dm.13519
1634944_at,l(2)tid,2R,48844,Dm.19638
1625134_at,p53,3R,2768677,Dm.3257
1638264_at,CG1304,X,33074,Dm.12834
1629811_at,CG9619,3L,40102,Dm.2224
1637204_at,Ptp99A,3R,43469,Dm.12683
1641549_at,mRpL40,3R,41364,Dm.2445
1628117_at,Hsp27,3L,39078,Dm.2803
1630543_at,CG5161,3L,39769,Dm.18901
1626708_at,Cbl,3L,38961,Dm.2332
1629125_at,gp210,2R,35512,Dm.3364
1635251_at,,,,
1633434_at,CG18327,2R,36567,Dm.23920
1623848_a_at,,,,
1633425_at,Smvt,3R,43744,Dm.4934
1635527_at,CG5039,3R,43100,Dm.11819
1625252_s_at,CG12158,2R,2768730,Dm.33498
1625981_at,rab3-GEF,X,32442,Dm.5294
1624984_at,CG8021,3R,41021,Dm.7901
1637410_s_at,l(2)gl,2L,33156,Dm.2784
1639897_at,CG3091,X,31210,Dm.5408
1639729_s_at,,,,
1631030_at,Dbp80,3LHet,3354919,Dm.20297
1639819_at,CG6385,2R,37026,Dm.673
1626745_at,Sucb,3L,44001,Dm.4425
1625755_at,CG1291,3L,38374,Dm.832
1625436_at,Uro,2L,34060,Dm.23856
1634216_at,Adgf-C,3R,41680,Dm.2905
1632855_at,CG7352,3R,40997,Dm.27236
1633879_a_at,prd,2L,34629,Dm.2598
1627847_s_at,yip3,2R,37683,Dm.19987
1640097_at,Pxn,3L,38326,Dm.8030
1641481_at,Ugt86Dd,3R,53507,Dm.27519
1636879_at,CG14356,3R,41722,Dm.5944
1641428_at,Cyp9c1,2R,37941,Dm.7777
1622912_at,Ucp4A,X,32764,Dm.5296
1638374_at,Obp19b,X,33038,Dm.5756
1635578_at,CG31975,2L,319052,Dm.28575
1633675_at,CG30008,2R,246388,Dm.19190
1632639_at,Arc2,2R,36597,Dm.18832
1631535_at,Vinc,X,31201,Dm.32
1640167_s_at,CG34104,X,31945,Dm.5467
1630212_at,CG2065,2R,35707,Dm.5789
1637257_at,CG9009,X,32426,Dm.3171
1633881_at,,,,
1628989_at,,,,
1638872_at,Hsp68,3R,42852,Dm.23337
1632114_at,Cyp12a4,3R,42294,Dm.31262
1629207_at,CG6287,2L,34554,Dm.4327
1625891_at,CG17111,3R,42727,Dm.16580
1630359_at,CG31810,2L,318955,Dm.12910
1627881_at,salm,2L,34569,Dm.13505
1633319_at,CG14956,3L,38377,Dm.14070
1640479_at,CG9519,X,32415,Dm.29216
1631994_a_at,Mocs1,3L,39238,Dm.5656
1626045_at,Rpb4,3R,326128,Dm.13710
1634112_a_at,CG5174,2R,37117,Dm.7079
1636087_at,CG31872,2L,34458,Dm.13503
1631803_at,Lsp1alpha,X,32199,Dm.23811
1632735_at,,,,
1636208_a_at,CG15097,2R,37172,Dm.7923
1635675_at,scro,3LHet,3355151,Dm.3428
1637490_at,CG13314,3L,39030,Dm.900
1629875_a_at,Cyp4d1,X,31188,Dm.4852
1632920_at,CG10700,2L,35183,Dm.17961
1623810_at,CG17265,2L,33509,Dm.283
1638786_at,CG13036,3L,39823,Dm.27156
1626165_at,,,,
1633492_at,hgo,2L,34552,Dm.2807
1637788_at,CG31176,3R,42554,Dm.5891
1627635_at,,,,
1634606_a_at,,,,
1639747_at,CG30291,2R,246534,Dm.20844
1639667_at,,,,
1624715_at,mtacp1,3L,38154,Dm.3108
1632087_at,CG9928,2L,34704,Dm.20729
1633563_at,CG1637,X,32019,Dm.12447
1638476_s_at,,,,
1633227_s_at,CG14945,2L,34623,Dm.19822
1626578_at,CG5195,3L,40266,Dm.30678
1622946_at,CG6908,3R,41410,Dm.5501
1624567_at,Rab35,X,33014,Dm.3622
1630570_at,CG13003,X,32675,Dm.5335
1628543_a_at,Fas3,2L,35097,Dm.6733
1632699_s_at,,,,
1639374_s_at,Amy-d,2R,36932,Dm.18520
1634848_at,SPE,3R,42791,Dm.1296
1624377_s_at,CG32594,X,32430,Dm.7134
1626782_at,CG17331,2L,34999,Dm.11371
1633048_at,CG8193,2R,35910,Dm.538
1634569_at,CG34051,2L,3885660,Dm.30024
1633716_at,CG10747,2L,35295,Dm.30856
1635996_at,CG6638,3L,38979,Dm.30090
1638736_at,CG11458,3L,50110,Dm.21436
1639903_at,Ser6,X,33073,Dm.4905
1631571_a_at,spir,2L,45931,Dm.3356
1631408_at,SoxN,2L,44275,Dm.3272
1636767_at,LysP,3L,38129,Dm.24595
1634263_at,lectin-21Cb,2L,33242,Dm.26696
1635868_at,CG6295,3R,43247,Dm.5220
1623883_at,CG18661,2L,50438,Dm.30778
1627024_s_at,CG9164,X,32467,Dm.2290
1629199_at,Ag5r2,X,44079,Dm.1864
1624100_at,CG1529,X,33077,Dm.13472
1636688_at,Cyp4s3,X,32444,Dm.19710
1622977_at,CG14635,X,31032,Dm.26419
1634413_at,run,X,33059,Dm.2688
1640269_at,CG15147,2L,35069,Dm.17997
1638953_a_at,drpr,3L,38218,Dm.3167
1629969_at,CG11426,3L,40471,Dm.15053
1636343_at,CG6283,3R,43250,Dm.5888
1624491_a_at,pdm2,2L,34673,Dm.4704
1624395_at,CG31102,3R,326118,Dm.21115
1635389_s_at,Idgf4,X,31926,Dm.7207
1624042_at,Gprk2,3R,49045,Dm.4430
1641398_s_at,LBR,2R,37482,Dm.6462
1626930_at,CG6230,2L,34546,Dm.18494
1632301_at,CG9536,2L,33904,Dm.6442
1627653_at,l(1)G0469,X,32371,Dm.10949
1627507_at,CG5704,3L,48613,Dm.11270
1625794_at,CG5830,3L,39748,Dm.15257
1625120_at,CG33082,X,318857,Dm.33846
1631617_at,CG13742,2R,35916,Dm.36644
1641189_a_at,CG5794,3R,42935,Dm.5555
1641489_at,CG33169,3L,40504,Dm.20419
1622894_at,CG15120,2R,37248,Dm.19399
1640342_at,CG6234,3R,41558,Dm.1173
1624609_at,CG31279,3R,318657,Dm.26558
1631745_at,CG6766,2L,34619,Dm.11507
1640233_at,CG5174,2R,37117,Dm.7079
1632335_at,RpL27,3R,43103,Dm.6265
1639009_at,CG10962,X,31824,Dm.111
1629195_at,CG4851,2L,34564,Dm.406
1624506_at,Jon25Biii,2L,33706,Dm.5484
1641134_at,CG7277,2L,33777,Dm.311
1636743_s_at,,,,
1626098_at,CG11453,3R,42355,Dm.16700
1625036_at,CG18281,3L,40274,Dm.33492
1636857_at,CG15879,3L,38274,Dm.27805
1636728_at,Ptr,2R,35546,Dm.17870
1637536_at,CG14303,3R,42236,Dm.13713
1625394_at,CG9922,3R,41708,Dm.5908
1637671_a_at,CG14767,2R,50250,Dm.4696
1639046_at,snRNP-U1,3R,42274,Dm.6730
1638469_s_at,CG3857,X,2768908,Dm.29134
1640276_a_at,Flo,2R,36726,Dm.2957
1623849_s_at,CG6726,3R,42728,Dm.23031
1640107_at,obst-A,X,33022,Dm.11064
1627937_at,CG32413,3L,318018,Dm.34542
1635135_at,,,,
1632200_s_at,Edem1,X,31154,Dm.11711
1634229_at,CG8713,2R,35777,Dm.6080
1640208_s_at,Antp,3R,40835,Dm.3803
1639994_at,CG3342,X,31586,Dm.19677
1634493_at,LysS,3L,38130,Dm.14478
1637246_a_at,CG32627,X,32329,Dm.1940
1623532_at,CG34236,2R,5740183,Dm.34774
1625042_at,CG31288,3R,318664,
1623287_at,CG13921,3L,38222,Dm.14911
1627512_at,CG31915,2L,319025,Dm.33617
1633411_s_at,CG12546,3L,40483,Dm.20584
1639983_at,CG34290,3R,5740609,
1626463_at,,,,
1636005_at,CG14495,2R,37056,Dm.23936
1625598_at,CG31326,3R,41728,Dm.5792
1633576_s_at,CG1910,3R,43741,Dm.2008
1637610_at,Chrac-16,X,32166,Dm.20583
1634124_at,CG30428,2R,246608,
1636876_at,KP78a,3R,41362,Dm.36648
1639278_at,ETH,2R,44125,Dm.1860
1627144_at,CG10560,3R,43065,Dm.13746
1625745_at,CG31643,2L,318867,Dm.14122
1633969_at,Osi23,3R,43615,Dm.16295
1635216_at,CG1407,2R,36043,Dm.3930
1622950_a_at,CG10069,2R,37427,Dm.6514
1627054_at,osp,2L,34850,Dm.2714
1624181_at,,,,
1641639_at,esg,2L,34903,Dm.4764
1636078_at,CG13670,3L,38938,Dm.27085
1633362_at,CG17565,3R,41989,Dm.4459
1626894_at,CG13165,2R,36330,Dm.26908
1627384_at,CG6225,3R,41559,Dm.6138
1628792_at,Obp56g,2R,37270,Dm.26972
1628865_at,opa,3R,40605,Dm.1066
1636654_s_at,CG15626,2L,33684,Dm.6109
1632141_at,CG18265,3L,39947,Dm.15197
1631877_a_at,Aats-his,X,32841,Dm.11373
1624584_at,CG32643,X,318138,Dm.14344
1631525_at,l(2)k10201,2R,48373,Dm.27473
1630333_at,Cpr50Ca,2R,36523,Dm.5927
1630349_at,,,,
1626201_at,CG31091,3R,318591,Dm.26550
1634796_at,CG17219,2L,33515,Dm.5970
1628579_at,,,,
1638654_at,RpL36A,2L,34098,Dm.7214
1623874_at,CG14215,X,32971,Dm.224
1623540_at,CG31704,2L,318906,Dm.18110
1624396_at,CG7927,3L,38897,Dm.7379
1638844_s_at,CG3714,2L,33626,Dm.11340
1624709_at,,,,
1628190_at,fab1,2R,37033,Dm.7091
1625975_at,Nha2,3R,42710,Dm.1288
1629269_at,CG32204,3L,317913,Dm.15157
1630955_at,CG9870,2L,33425,Dm.26710
1631077_at,CG16957,2L,34755,
1625819_at,sno,X,32273,Dm.3794
1638448_at,,,,
1626875_at,CG13758,X,31234,Dm.17751
1630815_at,CG14277,2L,34129,Dm.6860
1631370_at,CG30026,2R,246399,Dm.16163
1630282_at,CG14852,3R,41765,Dm.27607
1630088_at,CG16743,2L,34517,Dm.13844
1631235_at,CG9899,2R,37676,Dm.15570
1629854_at,CG15743,X,32279,Dm.17461
1640315_at,CG31241,3R,59260,Dm.16740
1625140_at,NtR,2R,43935,Dm.3009
1626169_at,CG2701,X,31261,Dm.6433
1624343_at,Opbp,2R,246618,Dm.14929
1633690_at,CG8323,2R,36566,Dm.5975
1626461_at,Ncc69,3L,39410,Dm.23283
1633611_s_at,CG32043,3L,39099,Dm.6414
1638265_s_at,,,,
1639534_at,CG6792,2L,34622,Dm.4104
1629453_at,FucTA,3L,39653,Dm.4691
1640829_at,CG12075,X,31815,Dm.2094
1627191_a_at,ena,2R,37201,Dm.14700
1637830_s_at,CG31145,3R,42784,Dm.10845
1631098_at,CG7194,3L,38933,Dm.13410
1640162_at,,,,
1626975_at,,,,
1623428_at,CG14933,2L,50442,Dm.6824
1633843_at,CG31672,2L,48440,Dm.4518
1624090_at,CG34324,X,32302,Dm.31087
1625304_s_at,CG34301,3R,5740866,Dm.33387
1638275_at,CG11699,X,32101,Dm.5283
1629698_at,CG3515,2L,33437,Dm.4994
1640974_a_at,CG33143,2R,37583,Dm.12825
1632195_at,CG4645,X,32244,Dm.4127
1629194_s_at,ade2,2L,33847,Dm.4474
AFFX-r2-Dros-GAPDH-3_at,,,,
1623497_at,HLHm3,3R,43156,Dm.4542
1625125_at,CG5599,X,32441,Dm.165
1628317_at,CG14410,X,32409,Dm.23816
1638592_at,CG6560,3R,42580,Dm.20224
1626699_at,CG34002,3L,3885644,Dm.26339
1627833_at,Cralbp,3L,38651,
1638810_at,Faa,3L,45577,Dm.1793
1630948_s_at,,,,
1625538_at,Jon66Ci,3L,38952,Dm.5460
1625522_at,CG32551,X,318085,
1641582_at,CG18635,2R,37031,Dm.26953
1629159_at,CG16865,2L,34788,Dm.25405
1623053_a_at,CG5174,2R,37117,Dm.7079
1624885_at,CG32645,X,32264,Dm.17468
1627855_at,yellow-e,3R,41653,Dm.1182
1641370_s_at,CG4199,X,31174,Dm.20997
1630654_at,,,,
1624877_at,CG1561,X,32108,Dm.7171
1624029_at,CG3608,2R,37938,Dm.10995
1634608_at,CG30383,2R,246583,Dm.23758
1637575_at,CG8028,X,32923,Dm.17284
1628992_at,CG34253,3L,5740501,Dm.20883
1633904_at,CG5467,3R,43199,Dm.16441
1625995_a_at,Zw,X,32974,Dm.225
1629549_s_at,rl,2RHet,3354888,Dm.20303
1641595_at,,,,
1639221_at,dan,3R,43023,Dm.4441
1623331_at,CG32199,3L,40028,Dm.12829
1633480_at,CG5392,3L,39629,Dm.12613
1632625_a_at,CG8960,3L,38280,Dm.3869
1626840_a_at,,,,
1626208_at,Exp6,X,47141,Dm.1770
1624596_at,CG31463,3R,40978,Dm.13669
1637072_at,CG11459,3R,40741,Dm.3894
1640529_at,CG15408,2L,33548,Dm.26718
1641493_at,skpD,X,32995,Dm.14302
1631649_at,CG8271,2R,36263,Dm.10869
1633543_s_at,Cdc42,X,32981,Dm.2867
1623012_at,mRpL55,3R,42290,Dm.3421
1631759_at,,,,
1636119_at,CG1468,X,31920,Dm.120
1629631_at,CG10853,3L,38465,Dm.838
1626344_at,CG14980,3L,38455,Dm.5809
1628814_s_at,CG9894,2L,33462,Dm.21390
1634750_at,CG34033,2R,3885602,Dm.26308
1638856_at,CG2650,X,31252,Dm.5779
1623961_at,Arpc3B,X,32696,Dm.19161
1625363_at,Obp56i,2R,246667,Dm.14323
1623790_at,CG31901,2L,319014,Dm.20904
1623518_s_at,CG6782,3R,3772221,Dm.21313
1633647_at,Cpr49Ah,2R,36354,Dm.26914
1626442_at,CG7224,2L,34089,Dm.6977
1625263_at,Nipped-A,2R,35483,Dm.12140
1639368_at,CG10505,2R,37428,Dm.26992
1625462_s_at,CG31221,3R,42325,Dm.31263
1634614_at,hfw,X,31120,Dm.5411
1633144_at,jbug,2R,43997,Dm.14398
1625949_at,Gpdh,2L,33824,Dm.4843
1625129_at,CG1946,2R,35720,Dm.26870
1637404_at,CG10262,2L,35257,Dm.17941
1638803_at,Rnp4F,X,31448,Dm.2995
1629620_s_at,Hel25E,2L,33781,Dm.3332
1638091_at,CG15143,2L,35062,Dm.12936
1627986_s_at,PGRP-SC1a,2R,35859,Dm.3372
1629753_at,Kr,2R,38012,Dm.2786
1634952_s_at,CG15094,2R,37168,Dm.15895
1624727_s_at,Ubp64E,3L,38644,Dm.3704
1640666_at,CG31205,3R,318626,Dm.26553
1628885_at,CG32698,X,31915,Dm.119
1626968_at,CG7207,3L,38928,Dm.3152
1638489_at,,,,
1628197_at,CG13177,2R,5740215,Dm.24471
1631058_s_at,Mgstl,X,44110,Dm.20802
1641307_at,CG14419,X,31276,Dm.33489
1628732_at,pon,X,31394,Dm.1681
1631783_at,CG4267,2L,33405,Dm.11975
1640129_at,slp1,2L,33607,Dm.4659
1641722_at,Reg-2,3L,38075,Dm.2447
1633958_at,SamDC,2L,34396,Dm.2999
1631715_at,CG14872,3R,41893,Dm.16842
1640318_at,dj-1beta,3R,43652,Dm.3914
1630237_a_at,Dll,2R,37973,Dm.7063
1627053_at,slp2,2L,33608,Dm.3388
1636268_at,CG10570,2L,50466,Dm.1596
1638301_at,CG8157,2R,36700,Dm.20464
1637713_at,PH4alphaNE3,3R,326114,Dm.1382
1633648_at,sns,2R,44097,Dm.14097
1636085_at,CG18143,3R,40528,Dm.23299
1634507_s_at,CG17549,2L,35212,Dm.471
1640410_at,CG33459,2R,2768847,Dm.24553
1628641_at,CG14470,2R,35519,Dm.17875
1639304_at,,,,
1633251_at,CG15829,3L,38782,Dm.23637
1628076_at,Lip3,3R,41643,Dm.2990
1632828_at,CG3033,X,31517,Dm.4658
1640334_at,CG33178,X,318913,Dm.20876
1638481_at,CG2736,2R,37998,Dm.789
1623643_s_at,Idgf3,2L,34981,Dm.4646
1623147_at,CG31855,2L,318983,
1636071_a_at,Cbp80,X,44409,Dm.1832
1640687_at,CG13970,2L,2768911,Dm.30857
1636804_at,CG14629,X,31055,Dm.3885
1622921_at,CG32022,3L,317826,Dm.14580
1625193_at,CG31106,3R,318594,Dm.16500
1636657_at,CheA87a,3R,41642,Dm.31249
1624159_at,Cyp9h1,2R,36412,Dm.26919
1631243_s_at,l(3)05822,3R,47260,Dm.33520
1635894_at,CG30148,2R,37318,Dm.13319
1639826_at,CG32662,X,32136,Dm.4433
1639442_a_at,Tsf1,X,32821,Dm.6693
1639292_at,Frq1,X,32797,Dm.35315
1635482_at,CG2976,2L,33682,Dm.11071
1624204_at,CG4483,3L,39057,Dm.13605
1631039_at,CG33108,3R,326257,Dm.20454
1641290_at,CG11384,X,31061,Dm.4940
1631439_at,Odc2,2R,35767,Dm.5265
1637479_at,pn,X,31194,Dm.31033
1641025_at,CG11134,X,32334,Dm.5343
1638811_at,Sug,3L,39314,
1630112_at,CG18731,3R,59246,Dm.35069
1633470_at,RN-tre,2R,36554,Dm.614
1639577_at,,,,
1634844_at,CG9577,X,33016,Dm.6077
1631614_at,CG5190,2R,37124,Dm.12102
1638452_at,per,X,31251,Dm.65
1634521_at,zetaCOP,3L,39862,Dm.20098
1634854_at,CG16989,X,31026,Dm.11474
1636186_s_at,Fer2LCH,3R,44965,Dm.1810
1641532_at,TH1,X,32607,Dm.3007
1641214_at,CG9298,2L,34197,
1639101_at,CG9837,3R,41057,Dm.6340
1623495_at,I-2,3L,39156,Dm.6641
1641074_s_at,Myo31DF,2L,34445,Dm.5426
1632818_at,CG32281,3L,317953,Dm.33578
1634195_at,CG11093,4,43835,Dm.17792
1633154_at,,,,
1624787_s_at,CG16959,3L,39648,Dm.965
1637775_at,PpD5,2R,44148,Dm.1426
1625533_at,bsk,2L,44801,Dm.1448
1625176_at,CG33174,X,32343,
1633718_at,CG5355,2L,34421,Dm.7924
1633515_s_at,ago,3L,38516,Dm.2559
1623983_at,CG9514,X,32418,Dm.29218
1635130_a_at,SamDC,2L,34396,Dm.2999
1623900_a_at,CG14935,2L,34598,Dm.5972
1635412_at,CG7422,3L,38868,Dm.30116
1640478_at,CG31777,2L,261617,Dm.6715
1632380_at,,,,
1624497_at,,,,
1625144_at,CG6758,2R,37532,Dm.11634
1628963_at,CG4716,2R,36471,Dm.6722
1627945_at,Fdxh,3L,39070,Dm.31181
1636764_at,CG31075,3R,43244,Dm.5825
1623216_s_at,CG9629,3L,40097,Dm.23289
1634063_a_at,stumps,3R,41770,Dm.1198
1624362_at,Nplp4,2L,50190,Dm.27493
1633883_at,CG9609,X,32663,Dm.186
1633503_at,CG12171,3R,40690,Dm.31230
1630408_s_at,CG7033,X,31838,Dm.113
1633957_s_at,CG5316,3R,42322,Dm.13958
1632430_at,Tsf1,X,32821,Dm.6693
1635215_at,CG2059,X,31663,Dm.24208
1635181_at,CG3337,3R,42519,Dm.24083
1626441_at,CG5139,2L,33309,Dm.27636
1634408_at,CG10209,2R,36652,Dm.629
1634699_a_at,CG18003,2R,3771779,Dm.6792
1632606_a_at,CG33169,3L,40504,Dm.20419
1632190_at,CG4542,X,31623,Dm.59
1637602_at,Edem1,X,31154,Dm.11711
1640920_at,CG5389,3L,39761,Dm.5147
1633593_s_at,CG33223,X,2768867,Dm.33755
1637093_at,CG34045,2R,3885656,Dm.30212
1625022_a_at,CG6125,3R,41882,Dm.6013
1636598_s_at,Unc-76,X,31179,Dm.20488
1627899_at,,,,
1639868_at,CG1702,X,33047,Dm.21233
1630233_at,CG5399,3R,41900,Dm.16837
1640539_a_at,CG8866,3R,41112,Dm.1120
1636902_at,CG1840,X,32150,Dm.6496
1631606_at,CG14285,3R,42281,Dm.31261
1641470_s_at,vg,2R,36421,Dm.6219
1636524_at,CG34316,3R,5740757,Dm.2425
1639297_at,CG9568,2L,34227,Dm.6974
1633928_at,CG15721,X,32247,Dm.26619
1638795_at,sec6,2R,37142,Dm.4250
1632442_at,,,,
1626621_at,CG1407,2R,36043,Dm.3930
1637123_a_at,CG33281,2L,2768938,Dm.6009
1637120_at,CG30098,2R,246456,Dm.27760
1628950_at,CG10178,2L,35105,Dm.23888
1628389_at,CG4225,3R,41925,Dm.1214
1635138_at,Fur1,3R,47220,Dm.1740
1625402_at,Ugt36Bb,2L,53512,
1635045_at,CG6271,3R,43252,Dm.1349
1638634_at,CG32448,3L,318032,
1623447_a_at,CG12201,3R,41449,Dm.7458
1624205_at,Tom40,X,44978,Dm.3000
1637004_at,pcs,2R,36674,Dm.4202
1623349_x_at,,,,
1637086_at,CG11843,3R,43432,Dm.16343
1633031_at,CG8299,2R,36751,Dm.23666
1635047_s_at,trio,3L,43974,Dm.803
1624966_at,CG7423,X,32894,Dm.27588
1632011_at,CG31274,3R,318655,Dm.36681
1631626_at,aub,2L,34524,Dm.3112
1635769_at,CG8773,3R,41634,
1629191_s_at,CG6154,3R,43184,Dm.16449
1638368_at,CG31674,2L,318878,
1635488_at,CG31660,2L,33690,Dm.18322
1641288_at,Obp57b,2R,246669,Dm.33941
1623137_s_at,dpr8,X,32387,Dm.164
1632082_at,Ndg,2R,36089,Dm.11018
1632400_at,CG3841,2L,34278,Dm.19805
1623545_at,mus209,2R,37290,Dm.4751
1632656_at,CG12112,X,31794,Dm.2199
1635291_a_at,Zn72D,3L,39764,Dm.1856
1631368_s_at,CG8108,3L,39161,Dm.7293
1623370_at,wek,2L,48785,Dm.1625
1640448_x_at,,,,
1634148_at,CG4842,3L,39817,Dm.7978
1635330_at,CG5428,2R,37742,Dm.3908
1629127_at,CG6996,3L,40212,Dm.27183
1631509_a_at,lt,2L,3355130,Dm.1800
1630064_at,CG5639,3R,43314,Dm.11827
1628702_at,CG32580,X,318097,Dm.26527
1624874_at,CG32271,3L,38392,Dm.35347
1623430_at,Phm,2R,37823,Dm.2282
1629434_at,CG9380,2R,38011,Dm.14982
1630149_at,CG6290,X,32827,Dm.29239
1638939_at,CalpA,2R,37232,Dm.1726
1627118_at,HPS,2R,36656,Dm.631
1629829_at,CG13454,3L,39676,
1628237_s_at,CG10602,2L,35146,Dm.2753
1636033_at,CG31368,3R,41437,Dm.10009
1631627_at,CG5335,2R,37140,Dm.19959
1639824_at,CG34005,2R,3885597,Dm.26316
1626887_at,,,,
1638704_at,Kap3,X,32071,
1624997_s_at,Sep5,2R,43990,Dm.3096
1625900_at,CG12729,X,31515,Dm.5118
1636998_at,sca,2R,36411,Dm.4735
1640417_a_at,Pkn,2R,35950,Dm.7964
1633791_at,,,,
1626298_at,CG14958,3L,38387,Dm.31137
1635980_s_at,CG12991,X,32734,Dm.13387
1624897_at,Kmn1,X,32102,Dm.23457
1636585_a_at,hig,2R,35949,Dm.2241
1625257_s_at,CG31523,3R,326148,Dm.21128
1636266_at,psh,X,32832,Dm.18653
1637859_at,ATbp,XHet,5740592,Dm.19509
1633081_at,l(1)G0196,X,33137,
1637535_at,,,,
1623325_at,CG6847,X,32778,Dm.17333
1625814_at,CG8230,2R,35897,Dm.536
1630266_at,Ilp4,3L,39152,Dm.14249
1630306_at,CG15012,3L,38529,Dm.11264
1628141_at,rhea,3L,38978,Dm.894
1628594_at,rut,X,32406,Dm.2613
1639638_a_at,CG14502,2R,37092,Dm.684
1623823_a_at,CG11227,X,33071,Dm.6680
1641593_at,CG33969,3L,40252,Dm.12908
1634305_at,CheB42b,2R,2768717,Dm.34229
1623765_at,CG31606,2L,318842,Dm.27664
1631204_at,Peritrophin-15b,2L,50432,Dm.23658
1629009_at,Cyp28a5,2L,34817,Dm.429
1634662_at,Cyp313a1,3R,41759,Dm.10064
1635310_s_at,CG31688,2L,35314,
1640559_at,CG34110,3R,4379864,Dm.16505
1625428_at,CG13707,3L,38583,Dm.24632
1629254_at,,,,
1633066_at,CG13215,2R,36182,Dm.27741
1634191_at,CG6398,X,32761,Dm.6701
1641156_at,dpr3,2L,3346208,Dm.21771
1641540_a_at,CG7668,3L,40190,Dm.20449
1629375_at,CG11400,2R,36935,Dm.11900
1624890_s_at,CG12393,2L,33849,Dm.19788
1626683_at,CG1514,X,31704,Dm.5168
1627271_at,CG13422,2R,37313,Dm.19965
1634652_a_at,CG7656,3L,39691,Dm.970
1639487_at,CG13102,2L,34228,Dm.36582
1622901_at,CG9993,2R,37358,Dm.13257
1624297_at,drl,2L,44355,Dm.4108
1639766_at,,,,
1637569_s_at,BobA,3L,50281,Dm.1577
1631891_at,CG6488,2L,34571,Dm.12410
1635447_at,CG4827,2R,36968,Dm.1989
1641681_s_at,CG5288,3L,39031,Dm.900
1623646_at,CG15400,2L,33476,Dm.25398
1640010_at,CG30417,2R,246604,Dm.31008
1625796_at,CG14231,X,32982,Dm.26674
1624543_s_at,,,,
1633637_at,CG17026,3L,39739,Dm.27929
1623391_at,sisA,X,32068,Dm.2617
1629517_at,CG5118,2L,33303,Dm.11724
1641242_at,Ugt86Di,3R,53502,Dm.27517
1638508_at,CG14934,2L,34597,Dm.27624
1629322_at,Pde6,3R,41760,Dm.4259
1632472_s_at,CG4699,3R,41911,Dm.10603
1638879_a_at,CG33012,2R,36342,Dm.23914
1637608_at,Ppt1,X,31805,Dm.20735
1626831_at,CG6579,2L,34647,Dm.6694
1627973_s_at,Tyler,X,3772349,Dm.1600
1628162_at,CG9757,3R,41662,Dm.4859
1623615_at,CG8675,X,32716,Dm.8347
1623704_at,CG17841,X,31965,Dm.3014
1626689_at,Cyp6t1,X,33127,Dm.6033
1630639_at,dsd,3R,43315,Dm.7161
1629436_at,,,,
1637143_at,CG9643,2L,33504,Dm.5110
1627443_at,CG5941,X,31536,Dm.7753
1631604_at,,,,
1626368_at,lace,2L,34910,Dm.3067
1641310_at,ko,3L,40330,Dm.2516
1640629_s_at,CG1516,2R,36020,Dm.6995
1635328_at,Oamb,3R,43982,Dm.3235
1635165_a_at,CG12090,3L,38176,Dm.810
1632348_at,CG9452,3L,40119,Dm.15141
1628177_at,jhamt,2L,34977,Dm.5618
1624172_at,CG33966,3L,3885642,Dm.18608
1627725_at,CG5213,3R,41892,Dm.5039
1623159_at,,,,
1629155_at,CG4764,2L,33295,Dm.8463
1631400_at,Cpr66D,3L,38990,Dm.5882
1633238_at,,,,
1639480_at,Cat,3L,40048,Dm.6950
1636451_a_at,Atf-2,2R,37978,Dm.786
1634838_at,CG10638,3L,39424,Dm.4885
1636281_at,Sema-1b,2R,37007,Dm.2981
1624169_at,Ilp7,X,31328,Dm.26448
1626150_at,tsh,2L,35430,Dm.6988
1641718_at,CG1427,3R,40681,
1629836_at,Ugt36Ba,2L,53513,Dm.27522
1639171_at,mRpL14,X,31222,Dm.5811
1627446_at,net,2L,45339,Dm.1799
1634192_at,CG30281,2R,246525,Dm.14395
1639034_at,CG7593,3R,43500,Dm.23486
1639902_at,ventrally-expressed-protein-D,2R,117331,Dm.3307
1636001_at,CG18186,2R,37002,Dm.34035
1624372_at,CG10908,2L,33369,Dm.2301
1633913_at,a10,3L,39906,Dm.2533
1638580_at,caps,3L,39493,Dm.2067
1625122_at,Obp99c,3R,43494,Dm.6182
1641082_at,Corp,X,31764,Dm.105
1630612_at,CG17636,X,5740847,Dm.29315
1634095_at,Ef1beta,2R,45249,Dm.1807
1638933_at,mus304,3L,40003,Dm.2740
1641334_at,CG5446,2L,34655,Dm.13261
1640835_a_at,Gdh,3R,42832,Dm.3641
1641117_a_at,CG17600,X,33141,Dm.33456
1624225_at,danr,3R,43020,Dm.5188
1635593_at,Cyp6d2,2R,37594,Dm.12419
1634373_a_at,CG13492,2R,37487,Dm.23947
1627632_at,CG17777,X,50374,
1632216_at,CanA1,3R,43670,Dm.1902
1626218_s_at,oaf,2L,33435,Dm.7946
1628139_at,CG30384,2R,246584,Dm.33469
1623777_s_at,CG1358,2R,35697,Dm.7075
1630508_at,,,,
1632358_at,,,,
1639257_s_at,CG11739,3R,40552,Dm.5029
1632490_at,CG8008,2R,35935,Dm.540
1633427_at,CG7582,3R,43492,Dm.14360
1627159_at,CG13427,2R,37316,Dm.12452
1625832_at,,,,
1638307_s_at,,,,
1631026_at,CG40346,3R,3354969,Dm.28686
1639198_at,CG8635,2R,35850,Dm.3781
1630645_at,CG3528,2L,33436,Dm.30801
1638393_at,,,,
1624132_at,CG4447,3L,39067,Dm.904
1625644_at,CG2641,3R,40921,Dm.1091
1639774_at,CG15202,X,32052,Dm.20671
1624137_at,CG11911,2L,33206,Dm.29245
1636378_a_at,Syn,3R,41247,Dm.6815
1629744_a_at,,,,
1628426_s_at,CG8740,2R,35866,Dm.3160
1623424_a_at,babo,2R,35900,Dm.5376
1625512_s_at,CG34002,3L,3885644,Dm.26339
1634097_s_at,CG6300,3R,42351,Dm.31322
1626740_at,Cpr72Ec,3L,39816,Dm.2319
1636859_at,,,,
1626401_at,Cyp6a2,2R,35587,Dm.33529
1641695_a_at,Or46a,2R,2768728,Dm.26891
1632573_at,Mitf,4,3885647,Dm.23595
1625334_at,NPC2,2L,33374,Dm.7263
1626066_at,CG18748,3R,59144,Dm.23713
1627704_a_at,Traf4,2L,33638,Dm.3100
1633208_at,CG11741,3R,5740784,Dm.33388
1626480_s_at,,,,
1626058_at,lbl,3R,42541,
1635374_at,CG31728,2L,34731,
1629552_at,rdgBbeta,2R,37011,Dm.671
1637835_at,CG12177,X,32326,Dm.17450
1635461_at,CG3362,2R,37875,Dm.769
1637403_at,CG7953,2L,34801,Dm.33519
1637240_a_at,Atg7,2R,37141,Dm.5217
1635299_at,Rev1,3L,38079,Dm.2203
1628677_at,,,,
1636886_at,spn-E,3R,41919,Dm.21664
1641375_at,CG6813,3R,41396,Dm.27262
1634738_s_at,,,,
1630274_s_at,CG12099,3L,38181,Dm.812
1630603_at,CG31352,3R,261629,Dm.28183
1629678_a_at,Aplip1,3L,53472,Dm.4584
1638903_at,CG5724,3R,41573,Dm.16937
1636440_at,Sip1,2R,44155,Dm.1641
1623308_at,CG33784,3R,3772181,Dm.29050
1628228_at,,,,
1629789_at,CG9649,3R,41727,Dm.1193
1637028_at,SIFR,3R,42530,Dm.16651
1628644_at,CG17350,2L,35210,Dm.30745
1635329_at,CG7638,3L,39250,Dm.13612
1630515_s_at,Glt,2L,34193,Dm.14600
1637292_at,Esp,3R,42962,Dm.6026
1633030_at,,,,
1636911_at,jim,3L,43924,Dm.3055
1626529_at,,,,
1630981_at,CG2698,3R,40945,Dm.1096
1638527_a_at,CG40196,Un,3354925,Dm.23736
1639770_at,CG30421,2R,37954,Dm.3844
1640873_s_at,,,,
1635084_at,CG31413,3R,318720,Dm.26562
1628121_at,Osi14,3R,40770,Dm.4253
1624489_a_at,CG11596,X,31158,Dm.7245
1633079_at,CG17472,2L,35320,Dm.33029
1627520_at,,,,
1627619_at,CG15332,X,31714,Dm.17614
1626383_at,CG4096,X,31490,Dm.13429
1632954_at,JTBR,3L,38235,Dm.24703
1628147_at,neuroligin,2L,33962,Dm.2735
1635805_at,CG3045,2R,37531,Dm.4296
1641234_at,CG16997,2L,34638,Dm.23873
1629015_a_at,DAAM,X,31075,Dm.33864
1623371_at,,,,
1635937_at,CG4500,2L,34822,Dm.11081
1623959_at,CG1532,X,33076,Dm.233
1624508_at,CG13526,2R,37613,Dm.29486
1626430_at,,,,
1631242_at,jumu,3R,41265,Dm.3109
1635892_at,CG12321,3R,42174,Dm.10139
1630755_at,CG9226,2L,33865,Dm.4396
1636080_a_at,jim,3L,43924,Dm.3055
1623117_at,CG31781,2L,35023,Dm.20629
1626725_at,CG2970,2R,37807,Dm.33567
1625072_s_at,Ac3,2L,35419,Dm.3279
1640286_at,CG32174,3L,261607,Dm.33511
1629601_at,malpha,3R,43153,Dm.24098
1641627_at,CG9396,3R,41156,Dm.14357
1632403_at,CG12263,2R,37118,Dm.10929
1639730_at,CG34054,2R,3885601,Dm.24451
1624902_at,PH4alphaNE2,3R,43628,Dm.4998
1632975_at,CG4398,2R,36838,
1634196_at,CG9777,X,32633,Dm.33683
1629766_at,ca,3R,43518,Dm.6851
1637958_at,CG33510,2L,3346224,Dm.29247
1630551_at,CG5290,3L,39998,Dm.1938
1634468_at,CG13397,2L,46386,Dm.4228
1630186_at,CG13743,2R,35911,Dm.21994
1640458_at,CG11211,2R,35545,Dm.6842
1639784_at,Pros45,X,33105,Dm.2162
1631702_at,CG15888,3R,41630,Dm.27282
1628084_at,BobA,3L,50281,Dm.1577
1637009_at,CG17689,3L,39522,Dm.18611
1631536_at,Dip3,2R,53579,Dm.5957
1629967_s_at,park,3L,40336,Dm.20129
1632041_s_at,,,,
1637367_at,CG10799,2R,36472,Dm.7966
1633400_at,cue,3L,38174,Dm.18864
1633229_a_at,Hr38,2L,35332,Dm.2701
1632679_s_at,esn,2R,53557,Dm.1620
1628124_at,CG3032,X,31648,Dm.14895
1640249_at,CG33173,X,318910,Dm.21086
1628616_at,CG8419,2L,34118,Dm.26759
1636006_at,CG17766,X,31155,Dm.22
1636156_at,CG7372,3L,39697,Dm.4019
1635695_at,Sdic3,X,318231,Dm.33687
1638845_at,CG18643,3R,41371,Dm.31244
1628090_at,,,,
1636958_s_at,l(2)k01209,2R,36953,Dm.10860
1641262_at,mRpL41,2R,36688,Dm.6088
1641173_at,,,,
1640042_at,CG12299,2L,34483,Dm.396
1634560_at,140up,3R,41720,Dm.10056
1631523_at,CG10824,3R,42512,Dm.29795
1641533_at,,,,
1629109_at,CG7979,3L,38911,Dm.20044
1626351_at,Tsp42Ep,2R,35626,Dm.19867
1623666_at,CG10516,3L,39738,Dm.15260
1625750_at,CG17272,3R,42465,Dm.6142
1631308_at,CG10737,2R,37202,Dm.14706
1624215_s_at,DIP1,X,43981,Dm.6476
1630052_s_at,CG8446,2R,36795,
1634452_s_at,endoA,3R,42265,Dm.3503
1638861_at,,,,
1641282_at,mthl4,2R,36960,Dm.23933
1638545_at,CG30409,2R,37696,Dm.6779
1635522_a_at,santa-maria,2L,34024,Dm.4555
1634629_at,CG13359,X,31028,Dm.5089
1625434_at,CG3270,2R,35575,Dm.8898
1636965_at,,,,
1635211_at,sbb,2R,44027,Dm.3258
1635270_at,,,,
1632819_at,CG31224,3R,42237,Dm.12853
1632465_s_at,CG6424,2R,37012,Dm.3024
1628355_at,CG32379,3L,326211,
1627943_at,Ilp3,3L,39151,
1636793_at,Cyp4d2,X,31192,Dm.1696
1628521_at,Gmd,2L,33716,Dm.4967
1626230_s_at,CG31358,3R,41462,Dm.1164
1625875_at,CG10635,3L,38615,Dm.19075
1630012_at,CG31225,3R,318632,
1624092_at,Jon99Ci,3R,43545,Dm.5661
1624386_at,CSN1b,3L,40063,Dm.2527
1629955_at,CG13309,3L,39012,Dm.27092
1634664_at,Cyp309a2,2L,33439,Dm.5048
1638969_at,CG6279,3L,39242,Dm.12937
1630752_at,CG6982,3R,42691,Dm.16593
1639640_at,CG32485,3L,38363,Dm.22434
1633448_at,CG11926,2L,33689,Dm.13483
1632868_a_at,wg,2L,34009,Dm.6628
1639605_at,CG33993,3L,3885637,Dm.29571
1629953_at,gt,X,31227,Dm.5740
1627759_at,CG30080,2R,246441,Dm.21323
1640358_at,CG4968,2L,34384,Dm.385
1637922_at,CG5592,3L,38662,
1627436_s_at,Pdp1,3L,45588,Dm.1594
1634935_a_at,CG1648,2R,36009,Dm.3873
1641490_s_at,Tsp,2L,33941,Dm.19009
1639235_at,trn,3L,39491,Dm.2255
1627376_at,Rel,3R,41087,Dm.4154
1630434_a_at,CG31064,3R,43277,Dm.3768
1624788_at,CG3773,3R,42309,Dm.10171
1637986_at,CG15253,2L,34916,Dm.12161
1625895_a_at,CG31211,3R,41443,Dm.7232
1636142_at,CG7872,X,32493,Dm.7770
1640430_s_at,CG15881,3L,40159,Dm.6970
1637311_at,pburs,2L,34845,Dm.26812
1638078_at,Side,2L,35168,Dm.2592
1625760_at,CG30272,2R,246519,Dm.23754
1624130_at,Obp56h,2R,37271,Dm.26973
1628446_at,MtnC,3R,42416,Dm.27349
1631356_at,scaf6,3L,3346235,Dm.3754
1639837_at,Rph,X,32002,Dm.18479
1634658_a_at,nemy,2R,36396,Dm.33461
1624476_at,Tom,3L,39619,Dm.3033
1635420_at,CG14760,2R,35802,Dm.26873
1629144_at,CG15440,2L,33652,Dm.4903
1626338_s_at,vvl,3L,38752,
1638889_at,CG3918,X,31585,Dm.52
1638103_at,CG6661,3L,39556,Dm.26282
1632989_a_at,mth,3L,38058,Dm.4379
1639680_at,,,,
1639909_at,CG7058,X,32873,Dm.17299
1624953_at,Cyp12c1,3L,40037,Dm.994
1627703_at,eys,2L,3771890,
1627978_at,CG13394,2L,34161,Dm.30818
1641349_at,rdgA,X,31826,Dm.5516
1637322_at,pyd,3R,41062,Dm.7093
1627562_at,Irp-1A,3R,42689,Dm.3263
1639677_at,ppa,2R,37602,Dm.2705
1635618_at,Dok,X,31667,Dm.3611
1631521_at,CG33469,2R,2768832,Dm.30978
1629074_a_at,nxf2,3L,39843,Dm.2730
1634855_s_at,CG9813,3R,41644,Dm.11957
1630180_at,CG4815,3R,43360,Dm.25035
1638596_at,ac,X,30981,Dm.25370
1639069_at,Cyp12d1-d,2R,2768720,Dm.1576
1632979_at,CG11784,2R,35928,Dm.12130
1634201_at,CG4000,3R,42451,Dm.4561
1636089_at,comm,3L,39717,Dm.2546
1639242_a_at,CG6455,3R,42587,Dm.7879
1641268_at,CG13313,3L,39022,Dm.15458
1635402_at,,,,
1628818_at,CG17562,3R,42021,Dm.16803
1639063_at,dgt2,2L,34610,Dm.23524
1636954_at,NetB,X,32400,Dm.3913
1629948_at,CG5194,3L,39037,Dm.21616
1627100_s_at,drm,2L,49638,Dm.5721
1626413_at,Rbp1-like,X,32293,Dm.14416
1638182_at,CG5999,3R,41574,Dm.23647
1638582_at,CG5321,X,32399,
1630528_at,CG17751,3R,42336,
1640737_at,,,,
1633460_at,CG6034,3L,39974,Dm.31209
1633761_at,CG14930,2L,34576,Dm.19820
1623505_s_at,Ubi-p5E,X,326237,Dm.21220
1625587_at,Jheh3,2R,37182,Dm.694
1628621_at,mRpS18C,3R,43609,Dm.28359
1626607_at,sec63,3L,38819,Dm.14937
1627000_s_at,CG6231,3R,42339,Dm.12955
1631239_s_at,CG31131,3R,318603,Dm.31350
1626217_at,Ipp,3R,41701,Dm.2972
1632210_at,CG30091,2R,246449,Dm.26396
1633891_at,CG15431,2L,33646,Dm.26728
1631382_at,CG13085,2L,35219,Dm.13520
1640837_a_at,ImpL1,3L,39499,Dm.7761
1623740_at,CG32154,3L,39778,Dm.15247
1639183_a_at,mira,3R,42379,Dm.2993
1627257_at,CG4433,3R,42388,Dm.16692
1641353_s_at,CG32066,3L,39206,Dm.21249
1640002_at,CG4586,X,31641,Dm.11605
1633418_at,CG9666,3L,40096,Dm.9721
1640090_a_at,slgA,X,33117,Dm.6612
1634913_s_at,pes,2L,34087,Dm.5223
1633812_at,CG9080,2R,36183,Dm.14458
1626417_at,,,,
1640380_a_at,MED14,3L,38073,Dm.9399
1641240_a_at,CG1889,X,31928,Dm.4194
1637391_at,Cpr76Bd,3L,40123,Dm.15137
1624206_at,CG11300,2R,37760,Dm.20619
1638925_at,CG34024,3R,3885580,Dm.26291
1627297_at,CG15270,2L,34886,Dm.14345
1639154_at,,,,
1637615_at,CG13192,2R,36259,Dm.23912
1636672_at,Brd,3L,39620,Dm.2286
1628608_at,CG17475,3R,42069,
1635659_at,crn,X,31208,Dm.31062
1630362_at,CG18139,3R,42112,Dm.27474
1629401_s_at,CG1814,2R,35984,Dm.8006
1629572_a_at,fat-spondin,2R,36919,Dm.7709
1636622_at,Peritrophin-15a,2L,50433,Dm.1732
1641383_s_at,,,,
1624266_at,Art6,3R,41699,Dm.27290
1632361_at,retm,2L,33899,Dm.4206
1637131_at,,,,
1634666_at,,,,
1629507_a_at,mle,2R,35523,Dm.2901
1626435_at,CG15263,2L,34898,Dm.26816
1629179_at,CG9465,2L,34204,Dm.27669
1632376_at,CG5644,3L,39029,Dm.13604
1625877_s_at,CG41560,Un,5740312,Dm.36099
1637176_at,Osi16,3R,318801,Dm.26575
1627180_at,Cyp4d14,X,45706,Dm.12710
1629952_at,CG15227,2R,37359,Dm.22260
1638644_at,CG12479,X,50344,Dm.27562
1628984_s_at,HmgZ,2R,37480,Dm.20604
1636695_at,Pk17E,X,45970,Dm.211
1639863_at,CG9698,3R,43629,Dm.27458
1625630_at,CG34171,2L,5740474,Dm.34786
1629597_a_at,Asph,2R,36778,Dm.11789
1623683_at,mRpL33,X,50381,
1623584_at,hkl,2L,35173,Dm.2091
1623524_at,CG7031,3R,42704,Dm.13734
1633187_at,CG6619,3L,38694,Dm.4900
1640569_at,CG14624,X,31068,Dm.26425
1625680_a_at,CG5792,2L,34685,
1630476_s_at,nahoda,2R,37641,Dm.4913
1623050_at,HLH54F,2R,37027,Dm.4839
1624614_at,CG14894,3R,41993,Dm.23000
1625551_at,JhI-1,2R,36086,Dm.2795
1632179_at,Sptr,X,31781,Dm.1950
1628623_at,CG9904,X,31245,Dm.8118
1637109_s_at,CG3961,3L,40056,Dm.3546
1639427_at,CG13333,2R,36509,Dm.604
1641130_at,CG31731,2L,34783,Dm.4472
1628175_at,CG6325,3R,41268,Dm.3798
1641624_at,CG31957,2L,319046,
1625990_at,CG32454,3L,318037,Dm.33664
1633377_at,,,,
1628583_at,CG31688,2L,35314,
1639602_s_at,Atg18,3L,38913,Dm.883
1637964_at,Eig71Eg,3L,39708,Dm.2537
1634991_at,CG8083,2R,35914,Dm.4398
1635276_at,CG11437,3L,40470,Dm.12899
1628335_at,CG5222,3L,39763,Dm.977
1639180_at,Arc1,2R,36595,Dm.6973
1625181_at,CG5172,X,32711,
1640496_at,NPC1,2L,34358,Dm.3071
1632710_s_at,CG4572,3R,42360,Dm.4407
1635716_at,,,,
1626352_at,,,,
1631121_at,CG7267,X,31831,Dm.17585
1631234_at,CG18173,3L,38220,Dm.6032
1624592_at,CG5188,2L,34428,Dm.28242
1626182_a_at,CG5026,3L,39026,Dm.1994
1630065_at,CG6912,3R,41820,Dm.10814
1627955_a_at,Asator,4,43794,Dm.17798
1633279_s_at,CG33090,2L,34835,Dm.7918
1635508_at,Taf10,2L,33469,Dm.30758
1634940_at,kraken,2L,33265,Dm.8454
1640838_s_at,Akap200,2L,34170,Dm.21410
1635918_at,CG34401,X,50356,Dm.215
1641152_at,CG1718,X,33103,Dm.17224
1628768_at,CG4676,2R,36465,Dm.16102
1623782_at,SCAP,2R,35529,Dm.13206
1634486_at,CG30047,2R,246414,Dm.26387
1626049_at,CG13089,2L,34185,Dm.4131
1635031_s_at,CG11147,2L,33803,Dm.22471
1635428_at,CG12863,2R,36623,Dm.19299
1632240_at,mus81,X,31044,Dm.48
1628331_at,,,,
1623994_at,CG30416,2R,246603,Dm.14405
1629923_at,CG7371,2L,33774,Dm.310
1623355_at,v,X,32026,Dm.7748
1635756_at,CG32039,3L,317834,Dm.20903
1641556_a_at,l(2)k05819,2L,33644,Dm.294
1641258_at,CG31437,3R,318735,Dm.27966
1639448_at,CG12879,3R,43329,Dm.33718
1641342_at,cag,2R,36157,Dm.19906
1623472_at,wus,X,32683,Dm.4178
1629075_at,,,,
1632207_a_at,p130CAS,3L,38021,
1623565_at,CG17278,3R,50050,Dm.3976
1636742_at,nord,2R,37882,Dm.5164
1640976_at,l(1)G0155,X,31706,Dm.100
1624594_at,Sk2,3L,326219,Dm.2140
1632560_at,eys,2L,3771890,
1635364_at,CG30343,2R,246551,Dm.3805
1632838_at,ATPsyn-gamma,3R,43507,Dm.8032
1640005_at,CG31418,3R,42084,Dm.6289
1627018_s_at,ATPsyn-gamma,3R,43507,Dm.8032
1626673_s_at,CG31716,2L,34416,Dm.18584
1624599_at,CG34331,X,33011,Dm.20448
1630761_at,CG11854,3R,43037,Dm.24093
1625281_at,CG6191,2R,36513,Dm.433
1637873_at,scpr-C,3R,41348,Dm.33477
1626996_s_at,br,X,44505,
1636708_at,CG3061,3R,41707,Dm.5183
1636943_s_at,Spn5,3R,49804,Dm.1739
1626100_at,CG16723,3R,42781,Dm.29806
1637485_at,CG10827,3R,42482,Dm.4111
1640918_at,,,,
1624133_at,,,,
1629546_at,CG7054,3R,42643,Dm.1278
1624235_at,,,,
1626720_at,CG34049,2L,3885620,Dm.26307
1633870_at,CG9436,2R,35586,Dm.11553
1636782_at,CG10035,3R,41511,Dm.16960
1627977_at,CG1671,2R,36019,Dm.18811
1635207_at,CG32557,X,326221,Dm.5314
1626438_at,nod,X,32107,Dm.139
1625961_at,,,,
1624062_at,CG14962,3L,38381,Dm.5012
1638051_at,CG17323,2L,35138,Dm.461
1627817_at,CG33109,3R,326258,Dm.27926
1636081_at,Ino80,3R,42314,Dm.33518
1637067_at,CG6074,3R,43264,Dm.16407
1623732_at,CG31410,3R,326136,
1628474_at,CG16712,2L,33592,Dm.6308
1626802_a_at,Sh,X,32780,Dm.7088
1630361_at,nkd,3L,44843,Dm.1816
1635987_at,CG12116,X,31782,Dm.5224
1630561_at,CG13641,3R,42969,Dm.25486
1628604_at,D,3L,39570,Dm.1835
1629483_at,,,,
1623478_at,SPR,X,31463,Dm.12998
1638597_s_at,CG32733,X,318179,Dm.26535
1637027_s_at,CG10165,2L,35242,Dm.7166
1636470_at,CG34026,X,3885569,Dm.30168
1628599_at,Psf2,2L,33641,Dm.23522
1628408_at,CG34041,3R,3885583,Dm.30417
1633882_at,Rgk1,2R,37219,Dm.30996
1628110_s_at,E(Pc),2R,36238,Dm.564
1637469_at,pen-2,2R,251430,Dm.14392
1632676_s_at,CG11897,3R,43450,Dm.1367
1635607_at,CG31742,2L,318924,Dm.26589
1637174_s_at,CG18065,2R,3772419,Dm.2273
1626723_at,Takr86C,3R,41286,Dm.2452
1624759_s_at,Antp,3R,40835,Dm.3803
1637670_s_at,CHES-1-like,X,31678,Dm.31076
1639044_at,Cad96Cb,3R,43033,Dm.18569
1636868_at,CG14939,2L,34593,Dm.2062
1638750_at,CG5440,2L,33318,Dm.26702
1625532_at,cv,X,44510,Dm.6914
1640231_a_at,CG8908,2R,37293,Dm.26975
1626278_at,CG6180,2L,34683,Dm.2238
1640831_at,Teh2,3L,38502,Dm.24732
1625722_at,CG2774,2L,33560,Dm.11471
1631036_at,CG11816,X,32310,Dm.17454
1623787_at,CG7144,2L,34064,Dm.11204
1628720_at,CG4440,2L,50458,Dm.6117
1633452_a_at,Rya-r44F,2R,49090,Dm.22868
1629906_s_at,,,,
1639048_a_at,CG8229,2R,35898,Dm.7176
1625688_at,CG6293,3R,41259,Dm.2071
1632260_s_at,bru-2,2L,250811,Dm.412
1631883_at,,,,
1623916_at,CG14694,3R,41307,Dm.27257
1632972_at,Nep3,X,33005,Dm.2736
1636463_at,Ucp4B,2L,33833,Dm.18493
1624745_at,Ilp5,3L,2768992,Dm.27905
1635469_at,CG18228,3R,40971,Dm.36390
1629098_at,CG7631,2L,34919,Dm.26821
1631165_at,CG4688,2R,36467,Dm.5788
1633312_at,CG6962,3R,41436,Dm.1159
1633749_at,CG6337,2R,36530,Dm.5230
1624828_at,Obp50a,2R,246432,Dm.26390
1631369_at,CG7567,3R,43479,Dm.6606
1623383_at,Dhc64C,3L,38580,Dm.846
1635210_a_at,Ppn,3R,43872,Dm.7007
1623452_at,CG13068,3L,39784,
1634267_at,CG30495,2R,246651,Dm.26411
1631851_at,CG34354,3R,5740528,Dm.16369
1629486_at,Ccp84Ag,3R,40819,Dm.14501
1634170_a_at,jbug,2R,43997,Dm.14398
1636419_at,CG1647,3R,43401,Dm.1360
1627170_at,,,,
1626940_at,nito,2R,35756,Dm.2130
1640492_at,CG10672,3L,38598,Dm.849
1627982_at,CG31077,3R,318583,Dm.26548
1626411_at,l(1)G0193,X,31712,Dm.4168
1628149_a_at,Pak3,3R,41995,Dm.6255
1635231_at,,,,
1632790_at,dream,2R,35528,Dm.3418
1629228_at,Hs3st-A,2R,37161,Dm.30211
1637697_at,,,,
1628387_s_at,CG30080,2R,246441,Dm.21323
1635890_at,capaR,3L,40393,Dm.15070
1626750_at,CG30479,2R,36631,Dm.33832
1623972_a_at,CG4538,3R,42369,Dm.2399
1623083_at,CG1698,2R,36006,Dm.22009
1639727_at,CG7601,3R,43502,Dm.3158
1633380_at,CG12128,2R,36042,Dm.19892
1640052_at,CG15434,2L,50178,Dm.18341
1640656_a_at,Pep,3L,45961,Dm.6853
1636738_at,RpL37b,2R,37669,Dm.27783
1623942_at,CG6974,3R,41815,Dm.27928
1634184_a_at,jp,2L,34274,Dm.6993
1638457_at,CG18347,3R,41448,Dm.20175
1625694_at,,,,
1636292_at,Cyp313a4,3R,41563,Dm.24058
1629442_at,egr,2R,36054,Dm.13536
1629489_at,CG5111,3R,43085,Dm.13747
1626908_at,CG8066,3R,41766,Dm.14699
1623134_at,CG12506,2L,33249,Dm.7533
1631452_at,CG8665,2L,35407,Dm.17901
1639196_at,Jon25Bii,2L,33707,Dm.18321
1640535_s_at,,,,
1633617_at,CG15116,2R,37194,Dm.30995
1635136_at,CG30471,2R,246633,Dm.26408
1627004_at,CG7632,3L,40357,Dm.30578
1623813_at,CG33307,2L,2768914,Dm.426
1626422_at,,,,
1632822_at,gig,3L,40201,Dm.2047
1640595_at,CG12301,3L,39689,Dm.2065
1624580_at,CG9362,3R,41132,Dm.3568
1631175_a_at,CG10283,2L,35102,Dm.3570
1625044_at,CG8891,2L,33718,Dm.18782
1637685_at,,,,
1638231_at,CG4393,3R,42764,Dm.23649
1639372_s_at,CG17567,2L,50468,Dm.7632
1624040_at,SK,X,31456,Dm.11909
1626579_at,CG3040,X,31642,Dm.88
1627439_at,CG14840,3R,41734,Dm.5076
1623743_at,CG3191,X,31209,Dm.34
1632345_at,CG8353,2L,34123,Dm.6359
1630661_at,,,,
1636482_at,CG14005,2L,33808,Dm.314
1633876_at,CG7110,2L,34757,
1627146_at,,,,
1641660_at,CG18744,3R,59140,
1626074_at,CG34454,3L,5740130,Dm.35955
1627445_s_at,en,2R,36240,Dm.22056
1623254_s_at,CG31531,3R,40583,Dm.11428
1625511_at,CG34383,3R,5740131,
1623773_at,CG32082,3L,39258,Dm.21623
1639943_at,Acox57D-p,2R,37445,Dm.5402
1628402_a_at,GlcAT-S,2L,34282,Dm.370
1623906_at,Ripalpha,2L,34351,Dm.4932
1638000_at,sala,2L,34570,Dm.2686
1636579_s_at,mdy,2L,44887,Dm.5403
1623556_at,CG32669,X,326229,Dm.33584
1623392_at,,,,
1635800_at,CG5431,2R,37743,Dm.19992
1629399_at,,,,
1628261_at,CG13067,3L,39785,Dm.6578
1641746_at,Cpr11B,X,32203,Dm.3863
1632402_at,CG6744,3R,41374,Dm.5018
1634177_a_at,CG31055,3R,318574,Dm.7507
1633836_a_at,Fkbp13,2R,37449,Dm.722
1640745_at,oa2,3R,42652,Dm.16604
1623573_s_at,CG11266,2L,33989,Dm.7322
1639074_at,CG33275,3L,2768948,Dm.15507
1623907_at,armi,3L,38427,Dm.15753
1638878_at,Or23a,2L,33450,Dm.21525
1641423_at,CG6739,2L,34037,Dm.18244
1623298_at,CG6067,X,31529,Dm.31037
1626264_at,CG9883,2L,33442,Dm.271
1639105_at,ppk10,2L,3885617,Dm.22999
1634178_at,CG4351,X,32259,Dm.7052
1639237_at,,,,
1623896_a_at,CG34404,3R,41873,Dm.4269
1625984_at,,,,
1625634_at,Dbp45A,2R,35917,Dm.4231
1636905_at,lea,2L,44522,Dm.1441
1637142_at,CG9547,2L,33911,Dm.4205
1630456_at,Mbs,3L,49070,Dm.13965
1627239_s_at,,,,
1640405_at,l(2)01810,2L,47253,Dm.1496
1638797_a_at,,,,
1635570_a_at,CrebB-17A,X,32817,Dm.26256
1632621_at,CG12946,3R,41198,Dm.5895
1627453_s_at,spi,2L,35253,Dm.4573
1630842_s_at,CG32640,X,318135,Dm.31054
1626514_at,CG5013,3R,41951,Dm.6112
1630526_at,,,,
1626724_at,CG32687,X,31980,Dm.22745
1624695_at,CG3999,3R,41253,Dm.17022
1624454_at,CG10361,3L,39333,Dm.4937
1633723_at,mav,4,43804,Dm.1889
1629347_at,klu,3L,39228,Dm.4755
1632273_at,CG5789,3R,42928,Dm.31340
1635664_at,Bzd,X,44554,Dm.20304
1631858_at,,,,
1631977_at,PH4alphaSG1,3R,326112,Dm.12822
1632235_at,Aats-met,3R,41733,Dm.1570
1641623_at,CG15917,2R,36936,Dm.23932
1631270_at,nht,2L,34902,
1638652_at,CG40006,2L,3355123,Dm.5822
1632927_at,CG8359,3R,41056,Dm.10757
1625230_a_at,,,,
1623197_a_at,zormin,3L,2769001,Dm.15849
1639814_at,,,,
1627682_at,CG14949,3L,38328,Dm.27046
1626869_a_at,CG31619,2L,35424,Dm.6934
1626027_at,Sr-CII,2R,44219,Dm.1853
1627155_s_at,CG9106,X,32454,Dm.4080
1640411_at,CG18284,2L,34460,Dm.7862
1641091_at,CG3280,3L,39117,
1629180_at,O-fut2,X,31098,Dm.4643
1632695_at,CG18585,2L,34041,Dm.2265
1631020_at,CG34113,3R,4379844,Dm.31611
1631076_at,CG13771,2L,33933,Dm.5001
1636921_at,l(2)06496,2R,46074,Dm.23950
1631471_at,,,,
1636795_at,Aats-ala-m,3L,38595,Dm.2902
1633084_at,,,,
1637730_at,CG17361,3L,39548,Dm.23537
1636730_at,CG13373,X,30988,Dm.17788
1627047_at,CG3987,3R,41822,Dm.7740
1637229_a_at,CG11796,3L,40263,Dm.4664
1637937_at,,,,
1634573_a_at,,,,
1639454_at,CG10912,2R,37059,Dm.2306
1636736_s_at,CG31274,3R,318655,Dm.36681
1641456_at,CG10366,2L,35258,Dm.11586
1641510_at,Tor,2L,47396,Dm.1502
1639923_at,CG30502,2R,35670,Dm.5462
1639894_at,KP78b,3R,41361,Dm.36463
1623398_at,CG4830,3R,41477,Dm.5915
1630000_at,CG7358,X,32886,Dm.11560
1641143_s_at,tsl,3R,42564,Dm.2380
1637611_at,Yippee,X,32295,Dm.3461
1624427_at,CG10646,3L,39426,Dm.21624
1623946_at,CG32970,2L,318270,
1625957_at,CG10051,2R,37222,Dm.11833
1625517_at,Max,3L,40095,Dm.3749
1641199_a_at,CG1544,3R,43689,Dm.10912
1634439_at,CG33256,3L,2768966,Dm.34226
1636541_at,CG33052,3L,326245,Dm.33511
1624509_at,LvpL,2R,35826,Dm.529
1640755_at,Cyp6a8,2R,36666,Dm.6618
1629647_at,l(2)06225,2L,46069,Dm.7708
1631388_at,Rep,2R,37246,Dm.3110
1633490_at,CG15638,2L,34768,Dm.33798
1627627_at,CG10466,2L,35268,Dm.28254
1639230_at,v(2)k05816,2L,117361,Dm.11974
1639502_at,,,,
1628118_at,,,,
1625880_at,CG6982,3R,42691,Dm.16593
1625629_at,alpha-Est6,3R,40902,Dm.2473
1634809_s_at,CG30194,2R,37657,Dm.30930
1630170_at,Cyp12b2,2R,37163,
1633980_at,CG14969,3L,38415,Dm.3856
1638962_at,CG6227,X,32464,Dm.168
1637539_a_at,hbs,2R,44129,Dm.1858
1640802_at,CG34328,X,5740378,Dm.36187
1637341_at,Rpt3,X,32047,Dm.8238
1623126_at,CG13912,3L,38120,Dm.15914
1633111_at,Porin2,2L,34499,Dm.7986
1625651_at,CG18317,2L,33350,Dm.4115
1624273_at,CG8034,X,32924,Dm.219
1631800_at,CG6690,3R,42582,Dm.16630
1627091_at,CG30287,2R,246530,Dm.29109
1631334_at,CG10260,X,31247,Dm.11491
1625202_at,,,,
1630890_at,nullo,X,31652,
1623991_s_at,coro,2R,35596,Dm.11616
1629115_s_at,scrib,3R,44448,Dm.16442
1640205_at,CG13460,3L,39638,
1631797_at,Or1a,X,30978,Dm.5720
1638935_at,CG7091,3R,41590,Dm.5968
1631608_at,CG6954,3R,42676,Dm.3687
1630419_a_at,CG7300,2L,34472,Dm.12185
1632921_at,CG34251,3L,5740860,Dm.33393
1624442_at,CG12586,3R,40574,Dm.27203
1635032_a_at,CG3526,X,31277,Dm.17750
1640942_at,CG3251,2L,33671,Dm.18327
1629333_at,,,,
1628981_at,CG16849,2L,34764,Dm.26808
1636546_s_at,CG1640,X,32292,Dm.7224
1626854_at,CG32148,3L,251924,Dm.6277
1624074_at,Obp56a,2R,37264,Dm.19963
1632488_a_at,,,,
1634562_s_at,,,,
1623840_at,CG18607,2R,37213,Dm.26965
1627001_at,,,,
1633649_s_at,trpl,2R,36003,Dm.546
1626146_at,Obp46a,2R,36088,Dm.26893
1635906_at,,,,
1631758_at,,,,
1639205_s_at,tra2,2R,36619,Dm.4216
1636257_at,CG10688,3L,39436,Dm.23285
1638064_a_at,,,,
1634729_at,l(2)37Cd,2L,35193,Dm.4597
1627890_at,GstD10,3R,59240,Dm.24889
1640880_s_at,,,,
1631971_at,CG10907,3L,39331,Dm.6179
1641306_at,hay,3L,39202,Dm.5750
1638486_at,Rbp1,3R,41294,Dm.2213
1626980_at,Pli,3R,42821,Dm.1303
1627862_at,CG15267,2L,34891,Dm.30752
1634651_at,Acp53C14c,2R,3346203,Dm.28792
1625962_at,RpII140,3R,41721,Dm.6926
1631104_s_at,Fsh,3R,42133,Dm.6783
1633025_at,CG4627,2R,36457,Dm.23916
1623372_at,CG5873,3R,42100,Dm.31258
1626815_a_at,CG9264,2L,35370,Dm.11121
1639550_a_at,CG9650,X,31660,Dm.20992
1640587_at,CG34391,3L,5740816,
1639564_a_at,CG7768,3L,39573,Dm.956
1628745_at,CG18313,X,32389,Dm.33748
1637531_at,CG1440,X,31776,Dm.21262
1633841_at,yellow-e2,3R,41652,Dm.25188
1632194_at,Nup98,3R,42816,Dm.14811
1639624_at,CG6688,3R,42716,Dm.27380
1631569_s_at,Gp150,2R,37549,Dm.6554
1635686_at,CG14110,3L,39500,Dm.4908
1641677_at,slbo,2R,37889,Dm.2680
1635450_a_at,smp-30,3R,41786,Dm.2426
1636566_at,CG32368,3L,317997,Dm.6894
1624464_s_at,,,,
1629898_s_at,CG10737,2R,37202,Dm.14706
1624919_at,CG8525,2R,36358,Dm.3635
1636747_at,CG8051,X,32925,Dm.1918
1640572_at,,,,
1633487_at,CG30109,2R,246461,Dm.15969
1630454_at,CG14086,3L,40100,Dm.27177
1631515_at,CG11877,3R,43438,Dm.4449
1623173_at,CG10013,3R,41494,Dm.16964
1631145_at,CG32073,3L,326191,Dm.27846
1637971_a_at,CG8129,3R,41117,Dm.20161
1625503_at,CG32425,3L,40273,Dm.1016
1628646_at,CG18507,2L,34775,Dm.13847
1629861_at,,,,
1624905_at,CG9000,2R,36908,Dm.659
1625053_at,CG16898,2R,37276,Dm.5584
1623289_at,Obp83ef,3R,40747,Dm.31293
1631806_at,CG8693,2R,35827,Dm.7021
1634839_at,CG11103,X,32342,Dm.19151
1626303_s_at,CG34253,3L,5740501,Dm.20883
1638042_at,,,,
1631983_at,,,,
1623596_at,Cpr72Eb,3L,39815,Dm.27155
1632533_at,Timp,3R,41248,Dm.2453
1635293_s_at,CG8336,3L,39121,Dm.4317
1631787_at,,,,
AFFX-Dm-O65372_at,,,,
1636677_s_at,CG11876,3R,43437,Dm.19569
1630859_s_at,Chro,3L,40508,Dm.6422
1631674_at,O-fut1,2R,36564,Dm.30916
1631619_a_at,MTF-1,3L,39089,"Dm.28307, Dm.4219"
1638820_at,CG34362,3R,43362,Dm.13924
1627181_at,RpS7,3R,43594,Dm.7198
1627948_at,aPKC,2R,47594,Dm.1507
1624741_at,CG14464,2R,3355132,
1626853_a_at,CG14017,2L,33787,Dm.13417
1630532_at,CG13091,2L,34188,Dm.361
1634679_at,CG33980,X,31469,Dm.25374
1627462_a_at,CG4662,3R,42357,Dm.4171
1628570_at,CG4021,2R,37484,Dm.15712
1629385_s_at,Pmi,3L,3772100,Dm.21293
1640435_at,eIF-1A,3R,44260,Dm.1640
1627417_s_at,CG12038,3L,2768997,Dm.5764
1638425_at,CG15643,X,32489,Dm.33512
1637736_a_at,GalNAc-T2,X,32836,Dm.7692
1634525_at,CG34227,2R,36186,Dm.6882
1640065_at,GstE7,2R,37112,Dm.9215
1641010_at,CG34224,2R,5740585,Dm.34788
1641451_at,Dhpr,3L,39050,Dm.2843
1635176_at,,,,
1629538_s_at,,,,
1639495_at,Cyp9b1,2R,35634,Dm.2852
1625240_at,,,,
1637313_at,CG32595,X,318105,Dm.34100
1632367_at,Mst35Ba,2L,34866,Dm.14437
1641389_at,CG14959,3L,38402,Dm.12875
1624050_at,CG6842,X,32777,Dm.3175
1634127_a_at,CG13029,3L,39886,Dm.29701
1637370_at,yellow-f,3R,41595,Dm.1174
1636481_s_at,,,,
1631618_s_at,PPP4R2r,X,31979,Dm.897
1624684_at,exo84,3R,43163,Dm.13748
1641165_s_at,,,,
1640282_at,CG6843,3L,40062,Dm.15160
1624321_at,Rac2,3L,38831,Dm.3545
1626370_at,CG31120,3R,42979,Dm.3511
1638344_at,CG5287,2L,34711,Dm.30746
1641581_at,Tm1,3R,41852,Dm.19116
1627176_at,CG31431,3R,326138,
1632969_at,ACXA,2L,53432,Dm.7626
1636073_at,CG32344,3L,326208,Dm.796
1635944_a_at,Syb,2R,36080,
1640339_at,l(1)G0136,X,32513,Dm.31057
1639539_at,Cyp4e1,2R,44632,Dm.30895
1638835_at,,,,
1634059_at,,,,
1625795_a_at,CG3394,2R,37887,Dm.7883
1629070_at,CG1208,3R,40727,Dm.2299
1641294_a_at,CG3625,2L,33198,Dm.3940
1633499_at,retinin,3L,53564,Dm.12765
1637861_at,CG7786,2R,36802,Dm.27756
1640131_a_at,CG5270,3R,41370,Dm.4560
1632922_at,NFAT,X,32321,Dm.2918
1629714_at,bgcn,2R,47873,Dm.33424
1625468_at,CG9500,2L,33888,Dm.27653
1626659_at,CG4980,3R,43348,Dm.11298
1633535_at,VhaAC39,X,31342,Dm.2086
1628099_at,bor,3R,53565,Dm.1727
1625189_at,,,,
1636488_at,CG4468,3R,42373,Dm.11158
1630367_at,,,,
1629079_at,CG15517,3R,43537,Dm.27452
1639023_at,Nsf2,3R,41694,Dm.6688
1633983_a_at,,,,
1637364_at,CG13558,2R,37719,Dm.27015
1640181_at,CG13044,3L,39795,Dm.23642
1630557_at,CG11859,3R,43046,Dm.23652
1639979_at,CG8927,3R,41964,Dm.20196
1627354_at,CG5835,3R,42296,Dm.4282
1636362_at,CG32169,3L,39919,Dm.22292
1625059_at,Leucokinin,3L,47746,Dm.3002
1641309_s_at,Iswi,2R,36390,Dm.2581
1640147_at,CG18518,2L,34932,Dm.27700
1625628_at,,,,
1633751_at,CG10903,3R,40952,Dm.31233
1635674_at,CG6901,3R,41977,Dm.27311
1640341_s_at,Dgp-1,2R,37080,Dm.3091
1636919_at,mago,2R,37402,Dm.19970
1634288_at,,,,
1633264_at,CG13024,3L,39880,
1625735_at,,,,
1623440_at,CG31848,2L,318980,Dm.30832
1633295_a_at,mthl13,2R,246395,Dm.26383
1625047_at,qkr58E-2,2R,37562,Dm.7238
1638909_at,,,,
1628758_at,CG1774,3R,43722,Dm.1389
1636423_at,CG8012,3L,50305,
1624990_at,CG12063,3R,43715,Dm.1387
1639136_s_at,psq,2R,36118,Dm.7369
1640306_at,CG17477,3R,42067,
1632576_at,CG8142,X,32763,Dm.2050
1629891_at,,,,
1623275_at,Or35a,2L,34918,Dm.26820
1640511_at,CG30075,2R,246437,Dm.26393
1636415_at,CG14225,X,32975,Dm.23830
1640716_at,CG14810,X,31131,Dm.28004
1637386_at,rdgC,3L,40224,Dm.5730
1630770_at,,,,
1630109_at,Hsc70-4,3R,41840,Dm.1206
1626289_at,Dgkepsilon,2R,36408,Dm.30912
1627624_s_at,,,,
1637029_at,,,,
1624168_at,CG14411,X,32408,Dm.10811
1636490_at,PGRP-SB1,3L,39870,
1628260_at,CG13186,2R,36294,Dm.19911
1625415_at,CG14306,3R,42231,Dm.34884
1634471_at,CG33214,3L,40382,Dm.15071
1635886_s_at,,,,
1626163_s_at,Act5C,X,31521,Dm.2951
1624253_at,CG9125,X,2768882,Dm.29130
1632590_at,CG31320,3R,318680,Dm.33629
1635970_at,Sin,3L,40325,Dm.2508
1633792_a_at,osa,3R,42130,Dm.2989
1633439_at,Galpha73B,3L,39861,Dm.2534
1633937_at,,,,
1637418_at,,,,
1639895_at,CG6719,3R,41365,Dm.7197
1628688_at,CG12054,3R,43694,Dm.4416
1634187_x_at,,,,
1636611_at,Try29F,2L,34226,Dm.2653
1633471_at,Prx2540-2,2R,36098,Dm.14039
1629981_at,LamC,2R,36615,Dm.2782
1631911_at,,,,